"place_id","rating","language","text","relative_time_description","time"
"ChIJ6UahmhiT9EcRqN3fOXr3LOE",3,"en","ok. but not great","3 months ago",1530531966
"ChIJ6UahmhiT9EcRqN3fOXr3LOE",2,"en","No good work.","a month ago",1534906058
"ChIJ6UahmhiT9EcRqN3fOXr3LOE",3,"en","Correct","10 months ago",1510420017
"ChIJ6UahmhiT9EcRqN3fOXr3LOE",4,"en","Bon service .\n\n","a year ago",1489178499
"ChIJ6UahmhiT9EcRqN3fOXr3LOE",4,"en","OK","8 months ago",1516616028
"ChIJQSleaEqT9EcRcLL0v8zHcEQ",1,"fr","Attention danger !\napr√®s des travaux non termin√©s en 2016 par oc√©azur, je d√©couvre des malfa√ßons en 2017 avec l'aide d'un vrai professionnel  de la piscine ! donc attention danger !","a year ago",1503174461
"ChIJQSleaEqT9EcRcLL0v8zHcEQ",5,"fr","Le meilleur ami pour votre piscine\nLe 5 √©toiles pour votre piscine : qualit√© de service/conseils, une r√©activit√© sans pr√©c√©dent, une √©quipe √† l'√©coute et agr√©able ! Bref ma piscine est enfin devenue un espace de plaisir, merci.\nProfessionnalisme et prix justes.","a year ago",1487149065
"ChIJQSleaEqT9EcRcLL0v8zHcEQ",1,"fr","Si j'avais pu mettre z√©ro √©toile, croyez-moi je n'aurais pas h√©sit√© un quart de seconde ! Des gens incapables qui ne viennent m√™me plus alors que le travail n'est pas fini ! Qui font payer une blinde alors qu'on trouve 3 fois moins cher pour une meilleure qualit√©. Franchement, je ne recommande ABSOLUMENT PAS !!!! Passez votre chemin.","a year ago",1480620053
"ChIJQSleaEqT9EcRcLL0v8zHcEQ",5,"fr","Je suis enti√®rement satisfait des prestations d'Oc√©azur Dardilly : comp√©tence, disponibilit√©, accueil, conseils.\nJe recommande chaudement cette entreprise.","a year ago",1495876331
"ChIJQSleaEqT9EcRcLL0v8zHcEQ",2,"fr","Manque de s√©rieux: chantier non termin√© et impossibilit√© de joindre le responsable technique. A √©viter!","4 years ago",1403875796
"ChIJ1S_owmrA9EcRDrtQ23aRCqU",5,"fr","Cliente depuis plusieurs ann√©es je suis tr√®s satisfaite ! une qualit√© de service √† la hauteur de mes attentes. Service clients tr√®s r√©actif et √† l‚Äô√©coute , Jai demand√© un d√©pannage d‚Äôurgence sur ma chaudi√®re le technicien est intervenu dans la journ√©e üòäüòäüòä je recommande a 300%","3 weeks ago",1536269535
"ChIJ1S_owmrA9EcRDrtQ23aRCqU",1,"fr","Technicien Nonchalant. il est rest√© meme pas 5 Mn pour ne pas r√©gler le probleme. a √©vit√© si vous pouvez faire autrement","in the last week",1538122034
"ChIJ1S_owmrA9EcRDrtQ23aRCqU",1,"fr","Catastrophique. Ma chaudi√®re est en panne depuis le samedi 28 avril 2018 et nous sommes le 8 mai 2018. J'appelle Confogaz tous les jours depuis dix jours. Tous les jours on me dit oui on s'en occupe mais depuis dix jours je n'ai eu aucune intervention. Hier j'avais rendez-vous entre midi et 17:30 mais le technicien n'est pas venu. Aujourd'hui je t√©l√©phone encore et la dame me crie dessus car aujourd'hui c'est f√©ri√©. Je n'y peux rien que ce soit f√©ri√©, j'appelle tous les jours depuis dix jours. Ce n'est pas de ma faute si les techniciens des jours ouvr√©s n'ont pas fait leur travail. Dix jours d'attente pour avoir une intervention c'est inou√Ø !! Et encore ils ne sont pas encore intervenus. Je viens de t√©l√©phoner et la dame va les relancer. Cela fait dix jours que les employ√©s t√©l√©phoniques relancent les techniciens. Mais que font les techniciens ?","4 months ago",1525791380
"ChIJ1S_owmrA9EcRDrtQ23aRCqU",1,"fr","Rdv fix√© le mardi = personne n'est venu. L'apr√®s-midi j'ai la personne d'astreinte au tel .... J'appelle le mercredi ; on me dit que qq1 est pass√© le matin ! Bizarre, j'√©tais pr√©sente chez moi  : personne n'est venu ; Confogaz me dit que j'aurais d√ª √™tre pr√©venue de ce rdv. Que nenni. Bref entre le mail envoy√© par le bailleur et le rdv que l'on me propose, il faut compter  14 jours pour une hypoth√©tique intervention !!!! Je ne sais pas pourquoi le bailleur a chang√© de soci√©t√© ; la pr√©c√©dente √©tait hyper comp√©tente ? pro et r√©active. Je savais que via Confogaz, c'√©tait tr√®s folklorique et bien j'en fais les frais. Bizarrement la standardiste me conseille de me mettre en contact avec mon bailleur. Qd la particulier appelle , pas de rdv proche possible mais le tout puissant bailleur pourra m'obtenir un rdv plus vite. On marche sur la t√™te ! Et qd on lit les posts de Confogaz, ils ont r√©ponse √† tout !!!!!","a month ago",1533744520
"ChIJ1S_owmrA9EcRDrtQ23aRCqU",5,"fr","Client depuis 20 ans \nJe suis tr√®s satisfait de cette soci√©t√© \nJ'ai toujours √©t√© d√©pann√© ... m√™me parfois gratuitement alors que j'aurais d√ª payer certaines interventions","2 weeks ago",1536768260
"ChIJP06ITMDs9EcRTT1wljONrjQ",1,"fr","les pros de l'analyse de fibres ne sont pas bons et de mauvaise foi. Comment ont t-ils pu √©tablir un rapport inexact, incomplet au profit de celui qui les a pay√© (le pressing et son sous traitant). Un tapis dont la soie est br√ªl√©e  par les produits utilis√©s n'est pas analys√© √† la loupe mais en ponctionnant des fibres pour avoir un travail d'analyse complet. Le beau rapport de cette compagnie CTTN a √©t√© lu par la Dc B.... qui a l'habitude de travailler pour la police scientifique et les experts d√©sign√©s par le tribunal notamment de Versailles. Son m√©mo pointe du doigt l'inefficacit√©  d'un examen √† la loupe et on constate un rapport ou on d√©nombre une bonne quantit√© de ''copi√© '' coll√©''. Je pensait cette soci√©t√© professionnelle \net comp√©tente. L'expert de NICE Mr W.... tout comme moi sommes convaincu du contraire...√† √©viter donc!","6 months ago",1522754862
"ChIJXdbbXw3r9EcRjSdQRhOa2DY",4,"fr","Il font du bon travail ","a year ago",1488727348
"ChIJXdbbXw3r9EcRjSdQRhOa2DY",5,,"","5 months ago",1525081975
"ChIJXdbbXw3r9EcRjSdQRhOa2DY",5,,"","11 months ago",1508426299
"ChIJayme-2Tr9EcRh1vDz5-IGes",1,"fr","Service plus que m√©diocre, 3 jours que j'essaye de les appeler pour un pro bl√®me de chauffage le r√©pondeur me dit qu'ils sont injoignable, de plus j'ai patienter 20 mn et on m'as raccroch√© insupportable √† bannir !!! oblig√© de mettre une √©toile pour publier mais en vrai 00000","7 months ago",1520000712
"ChIJayme-2Tr9EcRh1vDz5-IGes",1,"fr","Une honte en tous 6 techniciens sont venus chez moi et a se jour la panne persiste histoire dure depuis 7 mois du coup je passe pour la 4 fois plusieurs jours sans eau chaude mai rien a faire c'est le bailleur qui les a embauche c'est bras cass√© je parle pas d'une des standistes qui a r√©ponse a tous par contre une tr√®s agr√©able bref une honte","6 months ago",1521774165
"ChIJayme-2Tr9EcRh1vDz5-IGes",1,"fr","Des attentes interminables au t√©l√©phone, plusieurs rdv annul√©s au dernier moment. Z√©ro √©toiles!","6 months ago",1522074411
"ChIJayme-2Tr9EcRh1vDz5-IGes",1,"fr","Aucune etoile ou 3 √©toiles noires et pour cause :\nUne attente interminable programm√©e de 9 mn mais qui dure plus de 18 mn apr√®s avoir raccroch√© sans avoir eu quelqu'un. \nDeuxi√®me rappel 15 mn d'attente, une op√©ratrice odieuse qui met court √† l'entretien. Les plateformes t√©l√©phoniques hors territoires sont plus accueillantes et d√©favorables malgr√© un fran√ßais d√©plorables !!!!!\nAujourd'hui lundi 10 d√©cembre 3 appels de plus 19 mn en vain sans interlocuteur au t√©l√©phone !!!!!","9 months ago",1512987412
"ChIJayme-2Tr9EcRh1vDz5-IGes",1,"fr","Accueil t√©l√©phonique pitoyable .\nDe l'attente de l'attente et encore de l'attente pour se faire raccroch√© au nez au final.\nVous en √™tes en 4 position, d√©lai estim√© √† 9minutes puis au bout de 20 minutes le service raccroche. J'en ai vu des SAV mais l√† y'a du niveau .","9 months ago",1513975533
"ChIJk83gvBzr9EcR8rObyn-WFGg",5,"fr","J'ai connu ce garage car nous devions refaire nos cartes grises (2 voitures). Lors de mes premiers contacts t√©l√©phoniques, tr√®s bon accueil, professionnelle, et pr√©cise, en prenant le temps de bien m'expliquer (concernant les renseignements et les diff√©rents documents √† apporter pour les changements de carte grises). Ensuite, lorsque je me suis d√©plac√©e pour d√©poser les documents, j'ai √©t√© tr√®s bien accueillie par la g√©rante qui a √©t√© souriante, √† l'√©coute et agr√©able. Les informations donn√©es sont tr√®s claires et transparentes. Il est s√ªre que nous apporterons nos voitures dans ce garage si nous devons effectuer des r√©parations. Je le conseille tr√®s vivement !!","5 months ago",1524472822
"ChIJk83gvBzr9EcR8rObyn-WFGg",5,"fr","Je viens d‚Äôappeler √† l'instant pour un renseignant pour une lecture de d√©faut pour une SMART. Accueil Parfait et tarif comp√©titif.","a month ago",1534853589
"ChIJk83gvBzr9EcR8rObyn-WFGg",5,"fr","Venant de Paris, on nous a conseill√© ce garage de la Croix-Rousse pour changer des pneus et refaire l'√©quilibrage de l'ensemble des roues. Et chose rare, nous sommes tomb√©s sur une √©quipe super accueillante, comp√©tente, professionnelle. Chapeau !","6 months ago",1522949549
"ChIJk83gvBzr9EcR8rObyn-WFGg",5,"fr","Super bon accueil, le travail est bien fait, le garagiste explique bien tout en d√©tail. Allez-y","3 months ago",1528662328
"ChIJk83gvBzr9EcR8rObyn-WFGg",5,"fr","Tout simplement parfait. Garage familial id√©alement situ√©. L'√©quipe est tr√®s pro, souriante et arrangeante ! Les tarifs sont raisonnables et transparents : ils prennent le temps de vous d√©tailler le tarif de chaque pi√®ce et le temps de montage pour chaque, et si besoin, ils n'h√©sitent pas √† monter votre voiture sur le pont avant le devis, histoire de ne pas vous changer des pi√®ces inutilement :)\nBref, allez-y en toute confiance !","9 months ago",1515093895
"ChIJMQbczhrr9EcReIGeERkHwZc",5,"fr","Je tiens √† exprimer mon enti√®re satisfaction concernant l'intervention de votre technicien. Il est non seulement arriv√© √† l'heure mais il m'a accompagn√© pendant toute la dur√©e de l'installation de mon thermostat.  Il m'a √©galement donn√© des conseils pour mieux g√©rer ma chaudi√®re et faire des √©conomies.Il m'a m√™me aid√© √† param√©trer le thermostat sur mon t√©l√©phone. C'est tr√®s tr√®s agr√©able d'√©changer avec un technicien expert, sympathique et souriant en plus. Je le fais rarement mais je recommande votre soci√©t√© pour sa qualit√© de service et les produits que vous conseillez √† vos clients.","in the last week",1537971469
"ChIJMQbczhrr9EcReIGeERkHwZc",1,"fr","Quel honte le teleconseiller que j ai eu au telephone est insolent de surcroit se moque de moi et ne me reponds que pas des je sais pas , c est comme ca , c est pas mon probleme quand je lui explique la situation ils ont 0 competences et professionalisme !!! Honteux!!! Il me dis clairement que ce n‚Äôest pas son probleme !! On croit rever !!","in the last week",1538377492
"ChIJMQbczhrr9EcReIGeERkHwZc",1,"fr","Nous avions pris un RDV pour un mercredi. Le RDV n'ayant pas pu √™tre honor√© √† cause d'un retard sur l'une des interventions nous pr√©c√©dant, ce RDV a √©t√© remis au samedi matin.\nQuand le technicien est arriv√©, il a tout d'abord fait observer de fa√ßon virulente qu'il ne faisait pas de ""RDV entretien de chaudi√®re"" un samedi, que c'√©tait une aberration d'avoir pris ce RDV, qu'il avait un planning surcharg√© et pas bcp de temps. √ßa commen√ßait mal...\n\nIl a ouvert le capot de la chaudi√®re, a trouv√© qu'elle √©tait ""propre et donc qu'il ne devait pas y avoir de probl√®me"". Elle avait √©t√© r√©vis√©e en juin 2016 soit 16 mois avant et c'√©tait bien suffisant selon lui... Il n'a rien v√©rifi√©, rien mesur√©... il a juste r√©gl√© le programmateur en oubliant de programm√© le weekend !!! ce qui fait que nous n'avions pas de chauffage le weekend, il s'arr√™tait le vendredi soir pour reprendre le lundi √† 6h du matin....\n\nIl n'a pas voulu v√©rifier les radiateurs (purge ou pas) pour lui ce n'√©tait pas son r√¥le il fallait appel√© un plombier. Pourtant j'avais bien demand√© si cette prestation √©tait de votre ressort et on m'avait confirm√© qu'elle √©tait comprise dans le forfait entretien. Il ne nous a pas non plus conseill√© sur les temp√©ratures √† programmer pour optimiser notre installation. Sa r√©ponse constante √©tait ""√ßa d√©pend de vous, √ßa d√©pend de ce que vous voulez"".\n\nNous avons donc pay√© plus de 120 euros pour une ouverture de capot, une moiti√© de programmation et un sourire forc√© du samedi matin... Je sais bien que cette somme correspond √† un contrat d'entretien qui nous couvre toute l'ann√©e. Mais, j'aurais √©t√© rassur√©e que l'on mette un peu plus de professionnalisme dans le premier RDV... Pas engageant pour la suite... D'autant que mes mails de r√©clamation sont rest√©s sans r√©ponse depuis (par contre je re√ßois bien les mailings)","6 months ago",1521061911
"ChIJMQbczhrr9EcReIGeERkHwZc",5,"fr","Tr√®s contente d'Adag (ayant eu de mauvaises experiences avec d'autre soci√©t√©)\nIls sont intervenus rapidement (appel le matin et rdv pris dans la journ√©e). \nLe technicien qui est pass√© chez moi √©tait agr√©able, comp√©tent et il avait m√™me la pi√®ce dans la voiture et a pu me d√©panner. Je recommande.","8 months ago",1516138496
"ChIJMQbczhrr9EcReIGeERkHwZc",5,"fr","Tr√®s  bonne entreprise, r√©ponse rapide au t√©l√©phone, d√©pannage dans la journ√©e par un technicien comp√©tent, souriant et √†  pris du temps pour m expliquer","8 months ago",1517076114
"ChIJad86zjrA9EcR9Ck5uo4Q8Ss",5,"fr","Impeccable pour changer une pi√®ce soit m√™me. Si un coup de main est n√©cessaire il y a quelqu'un dans le garage.","a month ago",1533374295
"ChIJad86zjrA9EcR9Ck5uo4Q8Ss",1,"fr","Difficilement trouvable, et le mecano turque est un escroc au niveau de l heure √ßa chiffre vite. Donc faite gaffe c'est un garage que je d√©conseille absolument √† quiconque.","2 months ago",1531411854
"ChIJad86zjrA9EcR9Ck5uo4Q8Ss",1,"fr","je vous d√©conseille absolument , mieux vaut payer un peut plus ch√®re que d'y laisser votre vie ,  m√©cano tr√®s dangereux  oublie de serr√© les √©crous , en plus un v√©ritable escroc , si je pouvais mettre 0 √©toile , je l'aurai fait mais il ne propose pas","4 months ago",1527273351
"ChIJad86zjrA9EcR9Ck5uo4Q8Ss",1,"fr","Bof, pas aimable, pas pro, prix plus cher au final. Si vous avez besoin d'un pont et d'outils sinon n'y mettez pas une roue","3 months ago",1530259918
"ChIJad86zjrA9EcR9Ck5uo4Q8Ss",5,"fr","Garage avec des membres aux conseils avis√©s pour un prix bas avec une ambiance type atelier associatif. Evitez de vous arr√™ter en face des sorties de garage de l'autre c√¥t√© de la rue. Attention, propri√©taire m√©chant...","6 months ago",1520700280
"ChIJf6dLKnfr9EcRc3lBSfQZGk0",1,"fr","Bonjour  √† tous j ai eu une mauvaise  exp√©rience  dans un entretien  d aubauche qui m √† pas march√© avec la responsable je vous conseille au entreprise  de passez votre chemin  √† fuir","6 months ago",1521317220
"ChIJgaxa9YDs9EcRZynjWTbRbRg",5,"fr","Bon acceuil, large choix","a month ago",1535271691
"ChIJgaxa9YDs9EcRZynjWTbRbRg",5,"fr","Probl√®me sur robot Polaris 9300 d√©tect√© en quelques minutes...solution pertinente et efficace ! Du travail de pro...","a month ago",1534168099
"ChIJgaxa9YDs9EcRZynjWTbRbRg",4,"fr","Bonne √©coute, personnel sympa et tr√®s au point sur les diff√©rents probl√®mes.","a month ago",1535458062
"ChIJgaxa9YDs9EcRZynjWTbRbRg",5,"fr","Excellents accueil et conseils sans pousser √† la vente : un exemple de sens client et de fid√©lisation : Bravo !","4 weeks ago",1536069786
"ChIJgaxa9YDs9EcRZynjWTbRbRg",4,"fr","Tr√®s bon accueil et bonne comp√©tence bien fourni en mat√©riel de piscine","4 months ago",1527512191
"ChIJbfZ8c4fs9EcRaOsvHseFbzc",1,"fr","service client d√©plorable...\nplus d'un mois avec un dossier en suspend, ne rappelle pas... et on apprends qu'on a chang√© d'agence quand on rappelle nous !\nnous supprime le d√©pannage de la chaudi√®re parce que c'est pas rattach√© √† leur agence (au lieu d'appeler le coll√®gue qui est √† 20 km...)\nle rachat par engie n'a pas aid√© on dirait...\n√† √©viter","2 years ago",1471864502
"ChIJbfZ8c4fs9EcRaOsvHseFbzc",1,"fr","Service client lamentable, chaudi√®re en panne depuis plus d'une semaine, personne ne r√©pond au t√©l√©phone, annulation du d√©placement du technicien sans donnez de raison, toujours en attente d'un d√©pannage ... En plein hiver c'est inadmissible.","a year ago",1479202565
"ChIJyzvEM_Tq9EcRFlyjmZZxnJ0",1,"fr","Entreprise mal organis√©. Patron toxico","3 months ago",1530421686
"ChIJS7kFKUvA9EcRFsF7YI8DJok",5,"fr","s√©rieux efficace et r√©actif","a year ago",1503579560
"ChIJS7kFKUvA9EcRFsF7YI8DJok",5,,"","9 months ago",1513275664
"ChIJS7kFKUvA9EcRFsF7YI8DJok",1,,"","a year ago",1482416746
"ChIJmT0pIjjA9EcRixQXkXe9gbc",5,"fr","Je passe √† 5 √©toiles car ils ont tout fait pour se rattraper et ils m'ont envoy√© leur meilleur technicien M. MOHAMED!\n\nMERCI √Ä LUI !!","a month ago",1535546832
"ChIJmT0pIjjA9EcRixQXkXe9gbc",5,"fr","un bon point pour samedi, ma maman √©tait en panne j‚Äôai eu une demoiselle agr√©able et souriante au t√©l√©phone qui m‚Äôa imm√©diatement recontact√© apr√®s avoir laiss√© un message. \nService parfait de la part du technicien. \n√áa change des autres entreprises.","4 months ago",1528027330
"ChIJmT0pIjjA9EcRixQXkXe9gbc",4,"fr","Ma copropri√©t√© est cliente de Profigaz depuis plus de 10 ans. Le standard √©tait toujours injoignable (on pouvait attendre jusqu'√† 45 minutes en attente t√©l√©phonique et aucune personne ne r√©pondait) et il √©tait inutile de laisser un message. Les d√©lais de RDV √©taient particuli√®rement longs m√™me quand il s'agissait d'un d√©pannage urgent, √† moins de hausser tr√®s fort le ton. Depuis que Profigaz est devenue Garanka, les probl√®mes de standard sont totalement r√©solus (tr√®s peu d'attente) et les RDV sont rapides (panne hier et j'ai eu un RDV ce matin). De plus, les plages horaires propos√©es sont beaucoup plus courtes (plus besoin de poser un jour de cong√© pour les attendre). Les techniciens ont toujours √©t√© comp√©tents et agr√©ables et ils continuent de l'√™tre. Je recommande maintenant cette entreprise (ce qui n'√©tait pas le cas avant).","a month ago",1533723068
"ChIJmT0pIjjA9EcRixQXkXe9gbc",1,"fr","Une demie journ√©e √† attendre le technicien pour au final savoir que la jeune fille que j'ai eu au t√©l√©phone il y a maintenant 1 semaine n'avait pas not√© mon rendez vous..... R√©sultat une demie journ√©e de cong√© de perdue et toujours pas d'eau chaude. Changez vos secr√©taires et prenez en une qui sait √©crire les rendez vous sur un papier, si l'ordinateur lui fait mal aux yeux.","4 months ago",1526030722
"ChIJmT0pIjjA9EcRixQXkXe9gbc",1,"fr","Exp√©rience d√©plorable avec Profigaz. Le technicien est venu suite √† une panne et apr√®s la r√©paration aucune am√©lioration constat√©e. il nous envoient la facture et un autre devis pour r√©parer la panne. Soit disant que la pi√®ce chang√©e √©tait indispensable. Quelle preuve en avons nous ? \nCe qui n‚Äôest pas l‚Äôavis de l‚Äôautre plombier qui a r√©par√© plus efficacement et pour bien moins cher.\n\n Ils ne r√©pondent jamais au t√©l√©phone. Tr√®s mauvaise communication.C‚Äôest tr√®s gal√®re de les avoir.\nEt ne veulent rien savoir pas m√™me un geste commercial.\nA d√©conseiller.","7 months ago",1520154931
"ChIJrcJRXzjA9EcRZWGYbif8wOQ",5,"fr","Un accueil chaleureux et dynamique. Un technicien comp√©tent et √† l'√©coute. Un prix accessible avec possibilit√© de mensualiser. J'ai trouv√© mon SAV sur Villeurbanne et je le garde !","a week ago",1537368887
"ChIJrcJRXzjA9EcRZWGYbif8wOQ",5,"fr","Merci √† Gary. Ponctualit√© efficacit√© professionnalisme. Chaudi√®re r√©vis√©e comme jamais avec explications en prime !   Bravo.","a week ago",1537377501
"ChIJrcJRXzjA9EcRZWGYbif8wOQ",5,"fr","Un Technicien vraiment super qui nous a tout expliqu√©.\nLa chaudi√®re nous faisait peur car elle explosait quand elle se mettait en route. Maintenant c'est nikel dans notre nouvel appart.\nMerci !","3 weeks ago",1536426555
"ChIJrcJRXzjA9EcRZWGYbif8wOQ",5,"fr","Entreprise tr√®s s√©rieuse et comp√©tente. Technicien tr√®s agr√©able qui a r√©solu le probl√®me.","in the last week",1538434147
"ChIJrcJRXzjA9EcRZWGYbif8wOQ",5,"fr","Je suis √©tudiant, c'est pas trop cher, ils sont venus hier, j'avais t√©l√©phon√© deux jours avant. Nickel!","a week ago",1537523150
"ChIJaXaQDm_s9EcRXT_KYTrS-D8",3,"en","The price is too expensive but the service is perfect","3 years ago",1436904290
"ChIJaXaQDm_s9EcRXT_KYTrS-D8",3,"en","Correct","a year ago",1482408853
"ChIJaXaQDm_s9EcRXT_KYTrS-D8",5,"fr","Centre Auto S√©rieux. Des m√©caniciens professionnels √† l'√©coute des clients. Le centre est tr√®s propre. Les prix sont super raisonnables.\nUn grand MERCI de m'avoir d√©pann√©e alors que vous √©tiez pleins √† craquer  !","a month ago",1535219327
"ChIJaXaQDm_s9EcRXT_KYTrS-D8",5,"fr","Une d√©couverte de samedi dernier. Tr√®s bon accueil avec de bons conseils sans pousser √† la consommation. Un respect de l'engagement en terme de d√©lais et prix, cette transparence est tr√®s appr√©ciable.","4 weeks ago",1535980270
"ChIJaXaQDm_s9EcRXT_KYTrS-D8",5,"fr","Ils avaient du stock, et ont √©t√© assez rapides pour un changement de pneu suite √† une crevaison (45 minutes). Professionnels et courtois.","in the last week",1538476198
"ChIJU4j_BZrr9EcR3VcDj5VVixQ",5,"fr","Toujours tr√®s r√©actif ! Et des personnes tr√®s aimables que ce soit au t√©l√©phone ou durant l'intervention.","8 months ago",1515432614
"ChIJU4j_BZrr9EcR3VcDj5VVixQ",5,"fr","Ils ont √©t√© de bon conseil et surtout √† notre √©coute. Encore merci.","9 months ago",1515140903
"ChIJU4j_BZrr9EcR3VcDj5VVixQ",5,"fr","Tr√®s bonne entreprise. Personnel agr√©able, technicien √† l‚Äô√©coute.","9 months ago",1513585015
"ChIJU4j_BZrr9EcR3VcDj5VVixQ",5,"fr","√âquipe pro et r√©active. Une entreprise soucieuse de la satisfaction de sa client√®le.","8 months ago",1515432443
"ChIJU4j_BZrr9EcR3VcDj5VVixQ",5,"fr","Le technicien a √©t√© r√©actif. Pi√®ce rapidement chang√©e sur mon chauffe eau","9 months ago",1514902567
"ChIJH5o_oF7q9EcRYc3TGRvtosI",1,"fr","Pour le rendez-vous,on vous prend une caution. C'est la premi√®re fois que je vois √ßa. Le commercial est l√† pour essayer de ponctionner, r√©vision deux fois plus ch√®re que le concessionnaire. La moto, si elle est bien, est essay√©e par tout l'atelier, apprenti compris, et on s'en vante. La note sal√©e indique d√©j√† les travaux futurs. Cha√Æne hyper tendue, est ce pour la fusiller plus rapidement? Aucune confiance, je vais devoir tout v√©rifier... √† fuir.","3 months ago",1528437980
"ChIJH5o_oF7q9EcRYc3TGRvtosI",5,"fr","Sur les recommandations d'un ami qui fait entretenir sa moto dans ce garage, j'ai d√©cid√© de faire entretenir mon scooter. Je suis tr√®s satisfait du travail r√©alis√©, de l'accueil, des explications fournies. Que l'on me demande un billet de 20‚Ç¨ pour bloquer le rendez vous (nouveau client) ne m'a pas choqu√©, au contraire. Un garagiste professionnel comme on aimerait en voir plus souvent.","2 months ago",1531080979
"ChIJH5o_oF7q9EcRYc3TGRvtosI",4,"fr","Petit garage isol√© qui gagnerait √† √™tre connu. Le propri√©taire est super gentil et il fera tout pour vous aider. Mais pour de gros bricolages, √¢me voit un garage plus gros","3 months ago",1530129426
"ChIJH5o_oF7q9EcRYc3TGRvtosI",5,"fr","Top de bon conseil y suis all√©e alors qu'ils √©taient ferm√©s et faisait le m√©nage avant les vacances je me suis quand m√™me permis de sonner car j'avais la route du scooter crev√© ils ont pris le temps de regarder et me conseiller ils m'ont vendu alors qu'ils √©taient ferm√©s 2 bombe anti-crevaison je vous remercie pour votre professionnalisme je vous les recommande vivement ce sont de vrais commer√ßant","a month ago",1533967143
"ChIJH5o_oF7q9EcRYc3TGRvtosI",4,"fr","Super garage: accueil sympathique, √©quipe comp√©tente et toutes les explications qui vont bien! J'ai gal√©r√© √† trouver un garage pour mon 2 roues sans √™tre prise pour un portefeuille sur pattes ou sans avoir l'air de d√©ranger et l√†, c'est nickel","3 months ago",1528640192
"ChIJvSRBRVzq9EcRi48b0Bxtcpg",5,"en","Super service !","2 years ago",1467896239
"ChIJvSRBRVzq9EcRi48b0Bxtcpg",5,"fr","Prise en charge est rapide et professionnelle, deuxi√®me fois que je me rends chez Doc‚ÄôBiker et toujours aussi satisfait. Je recommande vivement. MERCI","a month ago",1535377019
"ChIJD1Vn7m7q9EcRJUESahbBb9U",5,"fr","Bureaux impeccables ! ca change ! merci pour votre travail.","5 months ago",1525418412
"ChIJD1Vn7m7q9EcRJUESahbBb9U",5,"fr","Une entreprise s√©rieuse que je recommande a tous ceux qui ont besoin de nettoyage sur Lyon. Merci encore pour votre intervention. Michel M.","11 months ago",1509885752
"ChIJD1Vn7m7q9EcRJUESahbBb9U",5,"fr","Intervention impeccable, entreprise de qualit√©.","3 months ago",1530563899
"ChIJD1Vn7m7q9EcRJUESahbBb9U",5,"fr","SAV extra.... Antoine nous a sauv√©..... Merci encore","8 months ago",1516009787
"ChIJD1Vn7m7q9EcRJUESahbBb9U",5,"fr","Enfin une entreprise s√©rieuse... je souhaite que cela dure et vous souhaite tous le meilleur pour cette nouvelle ann√©e. A bientot  JJ Fleury","a year ago",1484160291
"ChIJj4Wu3Gnq9EcRdEdlNxAYR3E",1,"fr","Ne prenne pas les auto entrepreneurs rester avec sa propre  clientelles","2 weeks ago",1537030720
"ChIJj4Wu3Gnq9EcRdEdlNxAYR3E",5,"fr","Une soci√©t√© que je conseille √† tous. S√©rieux, r√©actifs et sympathiques.","7 months ago",1519904327
"ChIJj4Wu3Gnq9EcRdEdlNxAYR3E",5,"fr","Une soci√©t√© a l'√©coute de ses clients et r√©active en cas de besoin. Une √©quipe super dynamique et discr√®te. Jamais eu aucun soucis de propret√© quand √† l'entretien de nos boulangeries. Je recommande.\nSarah B.","a year ago",1488458696
"ChIJj4Wu3Gnq9EcRdEdlNxAYR3E",5,"fr","Une grande entreprise experte en nettoyage, qualit√© de service et efficacit√© incomparable. Je recommande fortement cette soci√©t√© pour l'entretien de vos locaux ou sites industriels.","a year ago",1487254417
"ChIJj4Wu3Gnq9EcRdEdlNxAYR3E",1,"fr","Plut√¥t d√©√ßu de l'entretien de nos locaux sur la longueur, il faut vous ressaisir pour continuer a travailler ensemble.\nJe vous remercie par avance.\nHelene Ab.","a year ago",1488405289
"ChIJG6kuFzHq9EcREjP7jhtNuuQ",3,"fr","4 relances pour avoir un devis, le jour J, les monteurs se pointent le matin au lieu de l'apr√®s midi...et se rendent compte qu'ils ont oubli√© la nouvelle chaudi√®re au d√©p√¥t ! Sinon, installation propore, RAS. Quand √† la r√©siliation, malgr√© d'innombrables relances, on re√ßoit encore des relances de facture. Un peu lourd administrativement.","3 months ago",1530713666
"ChIJG6kuFzHq9EcREjP7jhtNuuQ",1,"fr","Des nuls de chez nuls !!! Ils devaient passer cette apr√®s midi puis coup de t√©l√©phone, il doit passer ce matin ! Ce matin personne et cette apr√®s midi je ne sais m√™me pas si ils vont venir !!! 15 jours pour avoir une pi√®ce ! SCANDALEUX ! DE PLUS EN PLUS NULS !! Arr√™tez votre m√©tier car vous √™tes vraiment des INCOMP√âTENTS !!","a year ago",1489755087
"ChIJG6kuFzHq9EcREjP7jhtNuuQ",2,"fr","Bonjour sa fait une semaine que je suis seans chauffage je les est rapeler 2 fois juste pour un devis il ne me l on toujour pas envoyer donc lundi il vont m entendre!","a year ago",1479546071
"ChIJG6kuFzHq9EcREjP7jhtNuuQ",3,"fr","bonjour cafait 1 semaine ke je suis dans le froid soi dizant il no paqs la piece jnais pas deaux chaude pas de radiateure ki fontionne ceci est scandaleux je suis obliger de me laver a l eaux froide; si je tommbe malade  ma femme et moi  JE RENVOI LA NOTE DU MECECIN. on dirais ke jvais mourire; chez nous en ce moment il fait tresz frid; cest un scandal...VOILA BYE BYE","2 years ago",1455988940
"ChIJjUOSSzvq9EcRO3UXWqSF0_Y",5,"fr","Disponibilit√© rapide ; travail effectu√© avec soin ; bon rapport qualit√©/prix et techniciens de bon conseil.\n\nLe gros plus, c'est qu'apr√®s un petit couac dans l'agenda de l'entreprise le jour du RDV, une solution a rapidement √©t√© trouv√©e pour pouvoir honorer les 1.5 jours de travail pr√©vus sans que nous n'ayons √† d√©caler nos jours de cong√©s pour cela. C'est tr√®s appr√©ciable car beaucoup d'entreprises ne reconna√Ætraient pas leur erreur et ne feraient aucun effort de ce c√¥t√©. Merci donc !","a month ago",1534519820
"ChIJjUOSSzvq9EcRO3UXWqSF0_Y",5,"fr","A l'√©coute. Travail soign√©. Prix raisonnable. D√©lais satisfaisants. Prestataire de confiance. Merci","2 months ago",1532347586
"ChIJjUOSSzvq9EcRO3UXWqSF0_Y",5,"fr","Tr√®s bon rapport travail/Prix. Equipe professionnelle, √† l‚Äô√©coute de nos besoins et de bons conseils. Totalement satisfaite. A recommander.","2 months ago",1532364517
"ChIJjUOSSzvq9EcRO3UXWqSF0_Y",5,"fr","Travail efficace et rapide. Personnel avenant.\nJe recommande +++.","2 months ago",1532347719
"ChIJjUOSSzvq9EcRO3UXWqSF0_Y",5,"fr","un professionnel de qualit√© √† l'√©coute, disponible rapidement, devis et explications claires et pr√©cises, je le recommande vivement!","2 months ago",1532421402
"ChIJMzumFEDq9EcRLuOo9BlVOGg",3,"en","Bit costly","a year ago",1487353356
"ChIJMzumFEDq9EcRLuOo9BlVOGg",5,"fr","Travail de pro ! Prise de rdv obligaoire mais tr√®s bon accueil. A recommander sans h√©sitation","3 weeks ago",1536501246
"ChIJMzumFEDq9EcRLuOo9BlVOGg",5,"fr","tr√®s tr√®s gentils et de bonne expertise!! :)","2 weeks ago",1537000884
"ChIJMzumFEDq9EcRLuOo9BlVOGg",5,"fr","Impeccable comme service, prix et il est vraiment sympa comme personne.","5 months ago",1524731629
"ChIJMzumFEDq9EcRLuOo9BlVOGg",5,"fr","R√©paration/entretien v√©lo, formations techniques et accessoires.\n\nCet atelier est une perle! Tr√®s r√©actif, √† l'√©coute, disponible, oriente toujours vers la solution correspondant √† l'int√©r√™t du client, ne pousse pas √† la consommation, tarifs extr√™mement comp√©titifs, d√©lais d'intervention courts. Dot√© d'un grand professionnalisme et sens commercial. En r√©sum√© vous savez pourquoi vous avez pay√©. Si je devais changer de quartier je continuerais sans aucun doute √† y laisser mes v√©los!","2 years ago",1473237698
"ChIJf0LIT-TB9EcRQ7qXggx31F4",1,"fr","Entreprise √† fuire. Cette derni√®re affiche un mot dans mon immeuble comme quoi il va y avoir une d√©sinsectisation le 19 septembre, elle demande d'√™tre pr√©sente dans les logements de 13h30 √† 16h30 pour au final s'√™tre tromp√© de b√¢timent (c'√©tait le b√¢timent dans la rue √† cot√©). R√©sultat une demie journ√©e de pos√©e au boulot pour rien du tout! \nIls ont m√™me pas affich√© de mot pour annuler lorsqu'ils se sont rendu compte de leur erreur.... Pas s√©rieux et une apr√®s midi g√¢ch√©e √† les attendre!!!","a week ago",1537366755
"ChIJC0iXuXXq9EcRh9hEEdyywXo",4,"fr","Soci√©t√© s√©rieuse, et comp√©tente, travaux de pose de goutti√®res et bandeaux effectu√©s avec beaucoup de soins. √âquipes tr√®s agr√©able et travail soigneux.\nJe recommande vivement cette soci√©t√©.","10 months ago",1511432005
"ChIJhUZ5h-LB9EcR7P-XLy275uk",1,"fr","Boulot plus que b√¢cl√© ","a year ago",1492428312
"ChIJhUZ5h-LB9EcR7P-XLy275uk",5,"fr","Entreprise avec service de qualit√© et rapidit√© d intervention","a year ago",1493405704
"ChIJS0fd393B9EcRNm5YDAkF9ac",5,"fr","Excellent accueil, nous avons √©t√© pris en charge en urgence pour un pneu crev√©. Intervention tr√®s rapide et garagiste super impliqu√© !","2 months ago",1531501197
"ChIJS0fd393B9EcRNm5YDAkF9ac",5,"fr","Service impeccable et personnel tr√®s professionnel","a month ago",1534805395
"ChIJS0fd393B9EcRNm5YDAkF9ac",5,"fr","Tr√®s humains, pass√©e √† l'improviste pour un changement d'ampoule avant contr√¥le technique, ils m'ont √©t√© d'une grande aide, je repars tr√®s satisfaite . Merci pour votre disponibilit√© et pour votre gentillesse.","3 months ago",1529767122
"ChIJS0fd393B9EcRNm5YDAkF9ac",1,"fr","Bipolaire, tr√®s gentils pour que l'on vienne payer et une fois que c'est fait ils nous parlent tr√®s mal ne finissent pas leur travail et te vire de leur garage violament","a month ago",1534433376
"ChIJS0fd393B9EcRNm5YDAkF9ac",1,"fr","N'allez pas dans ce centre, c'est un VRAI conseil.\nUn salari√© m'a dit que mon t√©moin de voiture √©tait le t√©moin de ""r√©vision""... rien √† voir avec ce qui √©tait marqu√© dans le carnet d'entretien.\nApr√®s consultation d'un VRAI garagiste, c'est en fait le voyant ""d√©faut moteur"" (dans mon cas, bobine d'allumage)...\nBref, garage d'incomp√©tent, fuyez le votre voiture vous remerciera.","10 months ago",1511370285
"ChIJ-9oQXHfq9EcRXP0JAF4TLqw",3,,"","8 months ago",1515840697
"ChIJ-9oQXHfq9EcRXP0JAF4TLqw",5,,"","a year ago",1480863117
"ChIJf7NoLvXB9EcR9vBMCHYc7SY",5,"fr","Garage s√©rieux qui propose des prestations √† un prix raisonnable et ne cherche pas √† pousser √† la consommation. Je suis venue les voir pensant que l'alternateur de ma voiture √©tait fichu. Ils l'ont test√© et m'ont dit qu'ils n'√©tait pas utile de le changer, avant de me conseiller de me rendre en concession pour un diagnostic plus pr√©cis au niveau du faisceau. J'ai appr√©ci√© leur honn√™tete et leur confie d√©sormais l'entretien de ma voiture.","2 months ago",1532631342
"ChIJf7NoLvXB9EcR9vBMCHYc7SY",5,"fr","Vraiment une super √©quipe!  Et honn√™te! \nJe faisais tous chez VW et ca me coutait le triple....et ils n'√©taient pas aussi aimable\nMais l'√©quipe de Midas sont pro. tres comp√©tent et les prix sont justes","3 weeks ago",1536171635
"ChIJf7NoLvXB9EcR9vBMCHYc7SY",5,"fr","Garage s√©rieux. Prend le temps d'expliquer un devis si r√©paration n√©cessaire.","a week ago",1537556187
"ChIJf7NoLvXB9EcR9vBMCHYc7SY",5,"fr","Tr√®s bon garage tr√®s bonne accueils avec de tr√®s bon conseils. A recommander.","a month ago",1535234570
"ChIJf7NoLvXB9EcR9vBMCHYc7SY",5,"fr","Une √©quipe tr√®s agr√©able et professionnelle et disponible pour renseigner et conseiller","a week ago",1537378966
"ChIJaUO4SVzp9EcRnlvuW1D4O2Q",5,"fr","Super! Du choix,des prix et sympathiques!","6 months ago",1521013551
"ChIJaUO4SVzp9EcRnlvuW1D4O2Q",5,,"","2 years ago",1461541086
"ChIJA1HJAg3C9EcR3D_WQupNapk",5,"fr","Cela fait 2 ans que j'habite dans ma r√©sidence et c'est eux qui ont le contrat d'entretien des chaudi√®res. Que ce soit pour une intervention d'urgence (soir, we, ....) ou pour l'entretien je suis satisfaite de leur prestation.","2 weeks ago",1536817581
"ChIJA1HJAg3C9EcR3D_WQupNapk",5,"fr","Visite car probl√®me de VMC dans notre copropri√©t√©. Le technicien a √©t√© tr√®s aimable et professionnel.","4 months ago",1526992194
"ChIJA1HJAg3C9EcR3D_WQupNapk",1,"fr","Qualit√© de la prestation d√©plorable\nSuivi des travaux sans s√©rieux ni implication\nService apr√®s-vente inexistant, ne prend pas ses responsabilit√©s\nEntreprise nulle, aucun professionnalisme\nRapha√´le Claustrat Architecte","8 months ago",1516974036
"ChIJA1HJAg3C9EcR3D_WQupNapk",1,"fr","intervention a la leg√©re pas de suivi laissant la responsabilit√© au client","a year ago",1489743534
"ChIJA1HJAg3C9EcR3D_WQupNapk",1,"fr","Ne r√©pond pas au t√©l√©phone","9 months ago",1512986978
"ChIJQUIuMxDC9EcRjJjlG1UOb6s",1,"fr","Accueil t√©l√©phonique ex√©crable ! Vous ne pouvez pas demander de renseignements sur les produits. √Ä fuir","2 months ago",1530783588
"ChIJQUIuMxDC9EcRjJjlG1UOb6s",5,"fr","Le Fournisseur de produit et mat√©riel par excellence.","5 months ago",1524497712